{"stats":{"minecraft:custom":{"minecraft:time_since_rest":4868,"minecraft:play_time":4868,"minecraft:sprint_one_cm":6160,"minecraft:walk_one_cm":8445,"minecraft:drop":1,"minecraft:jump":28,"minecraft:time_since_death":4868,"minecraft:total_world_time":4868,"minecraft:interact_with_crafting_table":2,"minecraft:fall_one_cm":209,"minecraft:fly_one_cm":1349},"minecraft:dropped":{"minecraft:wooden_pickaxe":1},"minecraft:crafted":{"minecraft:birch_planks":16,"minecraft:crafting_table":1,"minecraft:stick":4,"minecraft:wooden_pickaxe":1},"minecraft:used":{"minecraft:crafting_table":1,"minecraft:wooden_pickaxe":27},"minecraft:picked_up":{"minecraft:birch_log":4,"minecraft:wooden_pickaxe":1,"minecraft:dirt":9,"minecraft:cobblestone":18},"minecraft:mined":{"minecraft:grass_block":3,"minecraft:dirt":6,"minecraft:birch_log":4,"minecraft:stone":18,"minecraft:birch_leaves":1}},"DataVersion":3465}