{"stats":{"minecraft:custom":{"minecraft:time_since_rest":406,"minecraft:sprint_one_cm":41893,"minecraft:damage_taken":1155,"minecraft:walk_one_cm":40079,"minecraft:drop":10,"minecraft:damage_dealt":7,"minecraft:swim_one_cm":1248,"minecraft:interact_with_crafting_table":4,"minecraft:fly_one_cm":20964,"minecraft:play_time":16868,"minecraft:deaths":8,"minecraft:walk_under_water_one_cm":6259,"minecraft:jump":240,"minecraft:time_since_death":378,"minecraft:walk_on_water_one_cm":5026,"minecraft:total_world_time":16868,"minecraft:fall_one_cm":6534},"minecraft:dropped":{"minecraft:stone_axe":1,"gravestone:obituary":8,"minecraft:wooden_pickaxe":1},"minecraft:crafted":{"minecraft:crafting_table":1,"minecraft:stick":12,"minecraft:wooden_pickaxe":1,"minecraft:stone_pickaxe":1,"minecraft:birch_planks":16,"minecraft:stone_axe":1},"minecraft:used":{"minecraft:stone_pickaxe":47,"minecraft:wooden_pickaxe":27,"minecraft:stone_axe":70,"minecraft:cobblestone":1,"minecraft:crafting_table":1,"minecraft:oak_sapling":1},"minecraft:killed_by":{"man:managgresive":2,"minecraft:skeleton":2,"minecraft:zombie":1,"spore:inf_human":1,"spore:knight":2},"minecraft:picked_up":{"minecraft:birch_log":4,"minecraft:stick":3,"minecraft:wooden_pickaxe":1,"minecraft:oak_log":53,"gravestone:obituary":2,"minecraft:dirt":24,"minecraft:apple":3,"minecraft:oak_sapling":16,"minecraft:cobblestone":53},"minecraft:mined":{"minecraft:birch_log":4,"minecraft:birch_leaves":2,"gravestone:gravestone":4,"minecraft:grass":3,"minecraft:grass_block":7,"minecraft:oak_log":53,"minecraft:dirt":16,"minecraft:stone":50,"minecraft:oak_leaves":13}},"DataVersion":3465}