{"stats":{"minecraft:custom":{"minecraft:time_since_rest":2615,"minecraft:sprint_one_cm":41573,"minecraft:damage_taken":1080,"minecraft:walk_one_cm":41969,"minecraft:mob_kills":1,"minecraft:drop":7,"minecraft:damage_dealt":326,"minecraft:interact_with_crafting_table":3,"minecraft:fly_one_cm":30398,"minecraft:open_chest":1,"minecraft:crouch_one_cm":1209,"minecraft:play_time":17085,"minecraft:deaths":6,"minecraft:sneak_time":385,"minecraft:walk_under_water_one_cm":3613,"minecraft:jump":229,"minecraft:leave_game":2,"minecraft:time_since_death":2581,"minecraft:walk_on_water_one_cm":2988,"minecraft:total_world_time":17085,"minecraft:fall_one_cm":6274},"minecraft:dropped":{"minecraft:torch":1,"gravestone:obituary":5,"minecraft:wooden_pickaxe":1},"minecraft:killed_by":{"minecraft:skeleton":3,"minecraft:zombie":2},"minecraft:used":{"minecraft:stone_pickaxe":37,"minecraft:wooden_pickaxe":11,"minecraft:stone_axe":10,"minecraft:dirt":3,"minecraft:crafting_table":1},"minecraft:crafted":{"minecraft:oak_planks":64,"minecraft:crafting_table":1,"minecraft:stick":12,"minecraft:wooden_pickaxe":1,"minecraft:stone_pickaxe":1,"minecraft:torch":20,"minecraft:stone_axe":1},"minecraft:picked_up":{"minecraft:crafting_table":1,"minecraft:torch":1,"minecraft:oak_log":16,"gravestone:obituary":5,"minecraft:dirt":19,"minecraft:oak_sapling":1,"minecraft:coal":21,"minecraft:cobblestone":27},"minecraft:mined":{"spore:growth_mycelium":1,"spore:growths_big":1,"minecraft:crafting_table":1,"gravestone:gravestone":2,"minecraft:grass":1,"minecraft:oak_log":16,"minecraft:grass_block":4,"minecraft:coal_ore":21,"minecraft:dirt":6,"minecraft:tall_grass":1,"minecraft:stone":27,"spore:growths_small":1,"minecraft:oak_leaves":7},"minecraft:killed":{"minecraft:zombie":1}},"DataVersion":3465}