{"stats":{"minecraft:custom":{"minecraft:time_since_rest":173,"minecraft:deaths":2,"minecraft:crouch_one_cm":1005,"minecraft:play_time":11193,"minecraft:sprint_one_cm":30724,"minecraft:damage_taken":490,"minecraft:walk_one_cm":21989,"minecraft:sneak_time":366,"minecraft:walk_under_water_one_cm":3071,"minecraft:drop":6,"minecraft:jump":161,"minecraft:damage_dealt":20,"minecraft:walk_on_water_one_cm":3147,"minecraft:time_since_death":129,"minecraft:total_world_time":11193,"minecraft:swim_one_cm":1239,"minecraft:interact_with_crafting_table":2,"minecraft:fall_one_cm":8502,"minecraft:fly_one_cm":14028},"minecraft:picked_up":{"minecraft:crafting_table":1,"minecraft:bone":2,"minecraft:wheat_seeds":1,"minecraft:oak_log":5,"gravestone:obituary":2,"minecraft:dirt":1,"minecraft:coal":6,"minecraft:cobblestone":29,"minecraft:furnace":1},"minecraft:crafted":{"minecraft:wooden_sword":1,"minecraft:oak_planks":20,"minecraft:stick":8,"minecraft:wooden_pickaxe":1,"minecraft:stone_pickaxe":1},"minecraft:killed_by":{"spore:braiomil":1,"spore:inf_human":1},"minecraft:dropped":{"minecraft:dirt":1,"gravestone:obituary":4,"minecraft:wheat_seeds":1},"minecraft:used":{"minecraft:stone_pickaxe":33,"minecraft:wooden_pickaxe":5},"minecraft:mined":{"gravestone:gravestone":1,"minecraft:coal_ore":6,"minecraft:oak_log":5,"minecraft:furnace":1,"minecraft:gravel":1,"minecraft:stone":30,"minecraft:oak_leaves":6,"minecraft:crafting_table":1}},"DataVersion":3465}