{"stats":{"minecraft:custom":{"minecraft:time_since_rest":712,"minecraft:sprint_one_cm":44820,"minecraft:damage_taken":1334,"minecraft:walk_one_cm":41826,"minecraft:drop":14,"minecraft:damage_dealt":20,"minecraft:swim_one_cm":1239,"minecraft:interact_with_crafting_table":5,"minecraft:fly_one_cm":22164,"minecraft:crouch_one_cm":2402,"minecraft:play_time":22996,"minecraft:deaths":7,"minecraft:sneak_time":1370,"minecraft:walk_under_water_one_cm":14329,"minecraft:jump":244,"minecraft:walk_on_water_one_cm":5560,"minecraft:time_since_death":685,"minecraft:total_world_time":22996,"minecraft:fall_one_cm":10873},"minecraft:dropped":{"minecraft:dirt":1,"minecraft:wheat_seeds":1,"gravestone:obituary":12},"minecraft:killed_by":{"spore:braiomil":1,"minecraft:skeleton":3,"minecraft:zombie":1,"spore:knight":1,"spore:inf_human":1},"minecraft:used":{"minecraft:stone_pickaxe":33,"minecraft:wooden_pickaxe":15,"minecraft:cobblestone":1},"minecraft:crafted":{"minecraft:wooden_sword":1,"minecraft:oak_planks":20,"minecraft:stick":20,"minecraft:wooden_pickaxe":1,"minecraft:stone_pickaxe":2,"minecraft:stone_sword":1,"minecraft:birch_planks":24},"minecraft:picked_up":{"minecraft:birch_log":6,"minecraft:stick":3,"minecraft:crafting_table":1,"minecraft:torch":1,"minecraft:wooden_pickaxe":1,"minecraft:oak_log":9,"gravestone:obituary":5,"minecraft:dirt":2,"minecraft:bone":2,"minecraft:rotten_flesh":3,"minecraft:wheat_seeds":1,"minecraft:oak_sapling":2,"minecraft:coal":6,"minecraft:cobblestone":39,"minecraft:furnace":1},"minecraft:mined":{"minecraft:furnace":1,"minecraft:birch_log":6,"minecraft:birch_leaves":1,"minecraft:crafting_table":1,"gravestone:gravestone":3,"minecraft:grass_block":1,"minecraft:oak_log":5,"minecraft:coal_ore":6,"minecraft:gravel":1,"minecraft:dirt":1,"minecraft:stone":40,"minecraft:oak_leaves":6}},"DataVersion":3465}