{"stats":{"minecraft:picked_up":{"minecraft:stick":1,"spore:tumor":1,"minecraft:raw_iron":7,"minecraft:copper_ingot":1,"spore:armor_fragment":1,"minecraft:torch":2,"minecraft:oak_log":8,"gravestone:obituary":10,"minecraft:dirt":47,"minecraft:string":1,"minecraft:bone":2,"minecraft:rotten_flesh":4,"minecraft:oak_sapling":2,"minecraft:coal":5,"minecraft:cobblestone":80},"minecraft:mined":{"minecraft:iron_ore":7,"spore:growth_mycelium":1,"minecraft:torch":1,"gravestone:gravestone":10,"minecraft:grass":3,"minecraft:grass_block":21,"minecraft:oak_log":7,"minecraft:coal_ore":5,"minecraft:dirt":30,"minecraft:cobblestone":6,"minecraft:stone":73,"minecraft:oak_leaves":18,"minecraft:suspicious_gravel":1},"minecraft:killed":{"minecraft:skeleton":1,"minecraft:zombie":4,"minecraft:drowned":1},"minecraft:used":{"minecraft:stone_pickaxe":3,"minecraft:string":1,"minecraft:iron_pickaxe":118,"minecraft:wooden_pickaxe":23,"minecraft:torch":18,"minecraft:rotten_flesh":1,"minecraft:dirt":3,"minecraft:cobblestone":36,"minecraft:crafting_table":2,"minecraft:furnace":2,"minecraft:oak_sapling":2},"minecraft:custom":{"minecraft:time_since_rest":971,"minecraft:interact_with_furnace":9,"minecraft:sprint_one_cm":97975,"minecraft:damage_taken":2644,"minecraft:walk_one_cm":50879,"minecraft:mob_kills":6,"minecraft:drop":22,"minecraft:damage_dealt":806,"minecraft:swim_one_cm":8369,"minecraft:interact_with_crafting_table":8,"minecraft:fly_one_cm":110211,"minecraft:crouch_one_cm":3102,"minecraft:play_time":34930,"minecraft:deaths":13,"minecraft:sneak_time":2473,"minecraft:walk_under_water_one_cm":20593,"minecraft:jump":741,"minecraft:leave_game":1,"minecraft:time_since_death":942,"minecraft:walk_on_water_one_cm":10843,"minecraft:total_world_time":34930,"minecraft:fall_one_cm":30355},"minecraft:dropped":{"minecraft:rotten_flesh":1,"gravestone:obituary":21},"minecraft:killed_by":{"spore:slasher":2,"minecraft:drowned":1,"spore:braiomil":1,"minecraft:zombie":5,"spore:inf_human":2},"minecraft:crafted":{"minecraft:oak_planks":32,"minecraft:crafting_table":2,"minecraft:stick":12,"minecraft:stone_pickaxe":1,"minecraft:wooden_pickaxe":1,"minecraft:iron_ingot":3,"minecraft:iron_pickaxe":1,"minecraft:furnace":2,"minecraft:torch":20,"minecraft:air":0}},"DataVersion":3465}